date,ticker,summary
2025-03-14,BA,"Boeing on Friday appointed Don Ruhmann as its new chief aerospace safety officer, as the planemaker works to rebuild its reputation amid ongoing challenges. Ruhmann, who joined Boeing in 1989, was most recently vice president of Airplane Development at Boeing Commercial Airplanes, where he led design and certification work for the newest members of the 737 MAX family and the new 777-9. Ruhmann succeeds Mike Delaney, who announced his retirement after a nearly four-decade career with Boeing."
2025-03-14,BA,Inside the high-stakes financing deal that could change the game for Boeing and Wall Street
2025-03-14,BA,"WASHINGTON/SEATTLE (Reuters) -U.S. planemaker Boeing lost its way and also lost the trust of the American people after a January 2024 mid-air emergency involving a new Boeing 737 MAX and two fatal crashes in 2018 and 2019, Transportation Secretary Sean Duffy said Friday.  Duffy also said the Federal Aviation Administration is not yet ready to lift a 38-plane per month production cap on the 737 MAX.  ""When you breach the trust of the American people with that safety and with your manufacturing, we're going to put the screws to you to make sure you change your ways and start doing things right,"" Duffy told Fox News after a visit on Thursday to the Boeing 737 factory in Renton, Washington."
2025-03-14,BA,"Northrop is set to offer follow-on sustainment support like program management, spare supplies and calibration support to the Lebanon Air Force."
2025-03-14,BA,"We recently published a list of Was Jim Cramer Right About These 16 Stocks?. In this article, we are going to take a look at where The Boeing Company (NYSE:BA) stands against other stocks that Jim Cramer discussed 12 months ago during his show on March 18, 2024. On the most recent episode of Mad […]"
2025-03-14,BA,"(Bloomberg) -- Citigroup Inc. and Apollo Global Management Inc. are offering potential buyers of Boeing Co.’s Jeppesen navigation unit the option to fund the acquisition through the pair’s nascent private credit partnership, according to people familiar with the matter.Most Read from BloombergTrump DEI Purge Hits Affordable Housing GroupsElectric Construction Equipment Promises a Quiet RevolutionNYC Congestion Pricing Toll Gains Support Among City ResidentsOpen Philanthropy Launches $120 Million"
2025-03-14,BA,"Top U.S. tech, defence and energy companies including Boeing and Apple will join a large business mission to Vietnam next week, a list of participants seen by Reuters shows, in a possible sign of confidence as the Southeast Asian country seeks to avoid U.S. trade tariffs.  The annual mission organised by the US-ASEAN Business Council, an advocacy group, takes place this year as Vietnam is reviewing its duties on U.S. goods, including on liquefied natural gas, agriculture and high-tech products, while U.S. President Donald Trump threatens to impose more tariffs on trading partners."
2025-03-14,CVX,"Chevron (CVX) is progressing on its plans to develop data centers in multiple sites in the US, Reute"
2025-03-14,CVX,"Chevron is advancing plans to tap into data center power demand, with the oil major recently entering the permitting and engineering phases for multiple U.S. sites to develop the centers and the electricity to supply them, a company executive told Reuters this week.  Energy use for U.S. data centers, which are essentially giant server warehouses, is expected to triple in the next three years as the race to expand artificial intelligence intensifies.  Big Tech has struck unprecedented power purchase deals to quickly access vast quantities of electricity, including buying directly from nuclear power plants and inking agreements with utilities to bring power generation to the grid."
2025-03-14,CVX,"SHEL, CVX, WMB, LBRT and EGY emerge as the energy headline makers during the week."
2025-03-14,CVX,"The strong demand for oil and gas has prompted major energy companies like BP, ExxonMobil, and Chevron to reevaluate their strategies."
2025-03-14,CSCO,Cisco (CSCO) reported earnings 30 days ago. What's next for the stock? We take a look at earnings estimates for some clues.
2025-03-14,CSCO,"LTRX's IIoT portfolio comprises high-performance routers, modems, IIoT cellular gateways and telematic devices."
2025-03-14,KO,"PepsiCo (NASDAQ: PEP) has been one of those relative winners so far in 2025, with shares up slightly even as the S&amp;P 500 dropped 5%.  Let's take a closer look at that beverage and snack food giant to see how it stacks up against its main drink rival, Coca-Cola (NYSE: KO).  Coca-Cola is the clear growth winner, despite consumers becoming more price-sensitive in the past year."
2025-03-14,KO,(Updates with Coca-Cola's response in the fourth and fifth paragraphs.) WPP (WPP) lost Coca-Cola'
2025-03-14,KO,WPP (WPP) lost Coca-Cola's (KO) media buying and planning account in the US and Canada to French riv
2025-03-14,KO,"Coca-Cola, PepsiCo, Monster Beverage, Keurig Dr Pepper and Primo Brands are part of the Zacks Industry Outlook article."
2025-03-14,DOW,BASFY and NIO sign an agreement to collaborate in the electric vehicle coatings sector.
2025-03-14,GS,"Catch up on the top industries and stocks that were impacted, or were predicted to be impacted, by the comments, actions and policies of President Donald Trump with this daily recap compiled by The Fly: STAKE IN BINANCE: Representatives of President Trump’s family have held talks to take a financial stake in the U.S. arm of crypto exchange Binance, according to people familiar with the matter told The Wall Street Journal‘s Rebecca Ballhaus, Patricia Kowsmann, Angus Berwick, Josh Dawsey and Caitl"
2025-03-14,GS,Key Insights Significantly high institutional ownership implies Goldman Sachs Group's stock price is sensitive to their...
2025-03-14,HON,"After a slew of generally successful spinoffs elsewhere in the market, Honeywell looks to split into three units."
2025-03-14,IBM,"We recently compiled a list of the 10 High Flying AI Stocks This Week. In this article, we are going to take a look at where International Business Machines Corporation (NYSE:IBM) stands against the other AI stocks. Celestial AI™, creator of the Photonic Fabric™ optical interconnect technology platform, recently announced that it has raised an additional […]"
2025-03-14,IBM,"The only thing that's not uncertain is that economic uncertainty is poison for most businesses.  The unpredictability surrounding tariffs, an unknown impact of government spending cuts as they ripple through the economy, and the effects of an aggressive immigration policy could potentially lead to an economic downturn.  While there are no truly safe stocks, some companies are poised to perform better than others during and after periods of economic uncertainty."
2025-03-14,IBM,The end of an earnings season can be a great time to discover new stocks and assess how companies are handling the current business environment. Let’s take a look at how Gartner (NYSE:IT) and the rest of the it services & consulting stocks fared in Q4.
2025-03-14,INTC,"Intel’s stock plunged 60% in 2024 and the company ousted its CEO. That has left new CEO Lip-Bu Tan facing significant challenges, including how to fix the chip giant’s business. WSJ explains."
2025-03-14,INTC,"(Bloomberg) -- Incoming Intel Corp. Chief Executive Officer Lip-Bu Tan, who was named to the position this week, will receive compensation valued at about $69 million if he reaches targets over the coming years. Most Read from BloombergTrump DEI Purge Hits Affordable Housing GroupsElectric Construction Equipment Promises a Quiet RevolutionNYC Congestion Pricing Toll Gains Support Among City ResidentsOpen Philanthropy Launches $120 Million Fund To Support YIMBY ReformsHow Britain’s Most Bike-Frie"
2025-03-14,INTC,"Intel (INTC) concluded the recent trading session at $24.05, signifying a +1.48% move from its prior day's close."
2025-03-14,INTC,"The company named Tan as the CEO on Wednesday, tasking the industry veteran to lead a faltering transition to a successful chip manufacturing firm as well as chip design house.  Tan's employment agreement includes a three-year performance target, making him eligible to keep two-thirds of his stock awards if a ""change in control"" or a significant shift in the ownership takes place within 18 months of his joining.  Owing to his deep experience in the chip industry and as a longtime technology investor, Tan was seen as a contender for the top job since December, when Intel ousted CEO Pat Gelsinger."
2025-03-14,INTC,Wall Street is fearful. Should you be greedy?
2025-03-14,INTC,"We recently published a list of 12 AI Stocks on Wall Street’s Radar Today. In this article, we are going to take a look at where Intel Corporation (NASDAQ:INTC) stands against other AI stocks that are on Wall Street’s radar today. According to a new L.E.K. Consulting report, investor sentiment today heavily ties a company’s […]"
2025-03-14,INTC,"Companies in The News Are: QBTS, INTC, DG, PHR"
2025-03-14,INTC,"BlackBerry's QNX division, with Intel and NexCOBOT, introduces a cutting-edge Functional Safety platform for advanced robotic systems."
2025-03-14,INTC,"Astera Labs has announced the expansion of its Cloud-Scale Interop Lab to enhance the deployment process of next-generation PCIe 6.x AI platforms through comprehensive interoperability testing. The Scorpio Smart Fabric Switches are crucial in enabling robust connectivity essential for maximizing AI workload performance in hyperscale systems. The lab's rigorous testing of diverse PCIe 6.x components, including GPUs, CPUs, and SSDs, assists customers in minimizing interoperability risks,..."
2025-03-14,INTC,"We recently published a list of These 10 Stocks Defied Thursday’s Slump. In this article, we are going to take a look at where Intel Corp. (NASDAQ:INTC) stands against other stocks that defied Thursday’s slump. The stock market ended in the red territory anew on Thursday following a fresh wave of uncertainties and reports of […]"
2025-03-14,INTC,Semiconductor veteran and former board member Lip-Bu Tan has returned to the company in a time of great need. The path ahead is rocky.
2025-03-14,INTC,Former board member Lip-Bu Tan is returning to overhaul the chip maker.
2025-03-14,JNJ,"Dividends are one of the best benefits to being a shareholder, but finding a great dividend stock is no easy task. Does Johnson & Johnson (JNJ) have what it takes? Let's find out."
2025-03-14,JNJ,"We recently published a list of Was Jim Cramer Right About These 16 Stocks?. In this article, we are going to take a look at where Johnson & Johnson (NYSE:JNJ) stands against other stocks that Jim Cramer discussed 12 months ago during his show on March 18, 2024. On the most recent episode of Mad […]"
2025-03-14,JNJ,"Among Zimmer Biomet's knee solutions featured at the AAOS 2025, the newly cleared Persona Revision SoluTion Femur is expected to draw attention."
2025-03-14,JNJ,"Psychiatry was once big business for pharma, with drugs like Prozac making billions. Now a few breakthroughs are reviving interest."
2025-03-14,JNJ,"As the craze of earnings season draws to a close, here’s a look back at some of the most exciting (and some less so) results from Q4. Today, we are looking at branded pharmaceuticals stocks, starting with Supernus Pharmaceuticals (NASDAQ:SUPN)."
2025-03-14,JNJ,"We recently published a list of Jim Cramer Discusses These 11 Stocks & Says Trump’s ‘Soft’ On Tariffs Amidst $4 Trillion Wipeout. In this article, we are going to take a look at where Johnson & Johnson (NYSE:JNJ) stands against other stocks that Jim Cramer discusses. In a recent appearance on CNBC’s Squawk on the […]"
2025-03-14,JPM,"NEW YORK, March 14, 2025--JPMorgan Chase & Co. (NYSE: JPM) (""JPMorganChase"" or the ""Firm"") has declared dividends on the outstanding shares of the Firm’s Series CC preferred stock. Information can be found on the Firm’s Investor Relations website at https://www.jpmorganchase.com/ir/news."
2025-03-14,JPM,"J.P. Morgan Asset Management (JPMAM) today announced the launch of the JPMorgan U.S. Research Enhanced Large Cap ETF (JUSA) on the New York Stock Exchange. This innovative ETF expands J.P. Morgan's Research Enhanced range, providing investors with a suite of investment strategies for long-term capital appreciation."
2025-03-14,JPM,"The agency has largely denied the requests, ruling that banks must put the requests to disclose its clean energy financing ratios and indigenous rights practices to a vote."
2025-03-14,JPM,Heightened volatility raises the appeal for cash-like ETFs. These have attracted more than $16 billion this year.
2025-03-14,JPM,"Tesla, NVIDIA, JPMorgan Chase, Exxon Mobil and Novo Nordisk are part of the Zacks Market Edge blog."
2025-03-14,JPM,Mutual Fund Report for VSCOX
2025-03-14,MCD,"Ray Dalio's career path has often taken unexpected turns. On Bloomberg's Odd Lots podcast, he recalled a time when his work as a commodities trader landed him a consulting gig with McDonald's (NYSE:MCD) during a period when agricultural prices were wildly unpredictable. Tasked with guiding the fast-food giant through the ups and downs of chicken feed costs—mainly corn and soybean meal—his insights helped pave the way for the launch of the Chicken McNugget in 1983, according to Business Insider."
2025-03-14,MCD,"The current market selloff has many investors looking to shore up their portfolios with sturdy stocks that can weather the recessionary storm. Large-cap consumer goods stocks offer an appealing port in stormy waters. They are often mature companies that enjoy durable, routine product demand, modest valuations, and substantial dividends. Their dependability can boost investors’ portfolios and counterbalance more speculative growth stocks during turbulence. Let’s examine three large-cap consumer g"
2025-03-14,MSFT,"We recently compiled a list of the 10 High Flying AI Stocks This Week. In this article, we are going to take a look at where Microsoft Corporation (NASDAQ:MSFT) stands against the other AI stocks. Celestial AI™, creator of the Photonic Fabric™ optical interconnect technology platform, recently announced that it has raised an additional $250 million […]"
2025-03-14,MSFT,"Antitrust regulators aren't backing down from cases against Big Tech names like Alphabet (GOOG, GOOGL), Meta Platforms (META), Apple (AAPL), Amazon (AMZN), and Microsoft (MSFT) under President Donald Trump's second term. Yahoo Finance Senior Legal Reporter Alexis Keenan joins Market Domination Overtime with Julie Hyman and Myles Udland to break down the US government's ongoing antitrust cases against Big Tech names. To watch more expert insights and analysis on the latest market action, check out more Market Domination Overtime here."
2025-03-14,MSFT,"As the outlook for stocks grows increasingly uncertain, investors should seek out companies with strong, stable profits and solid business franchises—the factor known as quality.  After an initial surge of optimism that President Donald Trump would enact growth-fueling tax cuts, fears over a tariff war with Mexico and China sent stocks tumbling."
2025-03-14,MSFT,"Is Microsoft a buy or perhaps even a sell in March?  This story on the legendary growth company examines key measures such as profits and sales, relative strength in the market, and the quantity and quality of fund ownership in Microsoft stock.  During Monday's bearish trading session, Microsoft stock slid 3.3% in significantly above-average volume and made a year-to-date low of 377.22."
2025-03-14,MSFT,"Data centers have sophisticated electrical connections and cooling systems. Companies need electricians to manage all of it, but they’re in short supply."
2025-03-14,MSFT,"We recently published a list of 10 AI Stocks On Wall Street’s Radar. In this article, we are going to take a look at where Microsoft Corporation (NASDAQ:MSFT) stands against other AI stocks that are on Wall Street’s radar today. Unlike other companies, OpenAI does not struggle with market demand; noted Oliver Jay, managing director […]"
2025-03-14,MSFT,"Down over 13% from its all-time high (achieved in December), the Nasdaq Composite is officially in a correction, which is defined as a drawdown of at least 10%.  After falling by 4% on Monday, the Nasdaq Composite ticked down again on Tuesday as the broader market sell-off intensified across the major indexes.  Major tech stocks like Microsoft (NASDAQ: MSFT) and Apple are down 10% and 12%, respectively."
2025-03-14,MSFT,"Amazon.com may be the best bet among the Magnificent Seven. These other three stocks look attractive, too."
2025-03-14,MSFT,"Dubbed the Magnificent Seven stocks, Apple, Microsoft, Google parent Alphabet, Amazon.com, Nvidia, Meta Platforms and Tesla lived up to their name in 2024 with solid gains. Through the first two months of 2025, however, performance for these mega-cap stocks has been mostly negative thus far."
2025-03-14,MSFT,A new IPO filing from start-up CoreWeave suggests that every dollar put into the AI cloud is quickly paying off thanks to rapid growth rates in the business.
2025-03-14,MSFT,"ChatGPT, OpenAI’s text-generating AI chatbot, has taken the world by storm since its launch in November 2022. What started as a tool to supercharge productivity through writing essays and code with short text prompts has evolved into a behemoth with 300 million weekly active users. 2024 was a big year for OpenAI, from its partnership with Apple for its generative AI offering, Apple Intelligence, the release of GPT-4o with voice capabilities, and the highly-anticipated launch of its text-to-video"
2025-03-14,MSFT,"Silicon Valley is bullish on AI agents. OpenAI CEO Sam Altman said agents will ""join the workforce"" this year. Microsoft CEO Satya Nadella predicted that agents will replace certain knowledge work. Salesforce CEO Marc Benioff said that Salesforce's goal is to be ""the number one provider of digital labor in the world"" via the company's various ""agentic"" services. But no one can seem to agree on what an AI agent is, exactly. In the last few years, the tech industry has boldly proclaimed that AI ""a"
2025-03-14,MSFT,ChatGPT has both positive and negative cybersecurity implications.
2025-03-14,MSFT,"ORCL's AI Centre can't hide missed earnings, falling license revenues, and fierce regional competition from AWS, Microsoft and Google."
2025-03-14,MSFT,Q4 2025 Rubrik Inc Earnings Call
2025-03-14,MSFT,"We recently published a list of Jim Cramer Discussed These 7 Stocks. In this article, we are going to take a look at where Microsoft Corporation (NASDAQ:MSFT) stands against other stocks that Jim Cramer discussed. Jim Cramer, host of Mad Money, advised investors on Monday against exiting the market entirely, despite the sharp sell-off that […]"
2025-03-14,MSFT,"Egnyte has announced significant advancements in its cloud-based Intelligence solutions, unveiling new features that enable IT administrators to configure AI agents and define AI workflows without coding. These enhancements aim to simplify the integration of AI across the content lifecycle, from creation and editing to search and governance. Key features include AI Agents that address document-centric business issues, AI Workflows that automate tasks such as document summarization, and AI..."
2025-03-14,MSFT,"The S&amp;P 500 (SNPINDEX: ^GSPC) is made up of 500 companies from 11 different sectors of the U.S. economy, but the information technology sector is the largest in the index by far, representing 30.1% of its entire value.  The Vanguard Information Technology ETF (NYSEMKT: VGT) exclusively invests in stocks from the information technology sector, and it has beaten the S&amp;P 500 every year on average since it was established in 2004.  The Vanguard Information Technology ETF holds 316 stocks from 12 different subsegments of the information technology sector, the largest of which is semiconductors with a weighting of 27%."
2025-03-14,MSFT,"As the tax year ends, experts say it could be worth reviewing the investments in your individual savings account, to make the most of your annual allowance."
2025-03-14,MSFT,"It’s time to snap up software stocks.  The  exchange-traded fund has dropped 19% to $88 from a record close of $110 in December, as the broader market has sold off on concerns about the economic impact of President Donald Trump’s tariffs.  Now, software stocks reside in more attractive territory for investors who want to buy up a sector with strong earnings growth."
2025-03-14,NKE,"Market Domination Overtime host Julie Hyman and Yahoo Finance Head of News Myles Udland outline the top events investors will be watching next week. The March Federal Open Market Committee (FOMC) is set for Tuesday with comments from Federal Reserve Chair Jerome Powell and the possibility of changing interest rates. General Mills (GIS), Accenture (ACN), Darden (DRI), Nike (NKE), Micron Technology (MU), and FedEx (FDX) are some of the companies reporting earnings next week. Nvidia (NVDA) will kick off its GPU Technology Conference on Monday. To watch more expert insights and analysis on the latest market action, check out more Market Domination Overtime here."
2025-03-14,NKE,Earnings preview of key companies reporting next week and what to look out for
2025-03-14,NKE,"After a bad week, Nike is set to report earnings along with several top-performing China stocks, including data center operator GDS Holdings."
2025-03-14,NKE,"We recently published a list of Mark Cuban Stock Portfolio: Top 10 Stock Picks. In this article, we are going to take a look at where NIKE, Inc. (NYSE:NKE) stands against other top stock picks from Mark Cuban’s portfolio. Mark Cuban is a well-known entrepreneur and television personality, recognized for his diverse business ventures and […]"
2025-03-14,NKE,"With its stock down 6.5% over the past week, it is easy to disregard NIKE (NYSE:NKE). However, stock prices are usually..."
2025-03-14,PG,"Procter & Gamble's strong brands, pricing strategy and efficiency drive growth, ensuring resilience amid macroeconomic and geopolitical challenges."
2025-03-14,PG,"Recently, Zacks.com users have been paying close attention to P&amp;G (PG). This makes it worthwhile to examine what the stock has in store."
2025-03-14,CRM,"Zacks.com users have recently been watching Salesforce.com (CRM) quite a bit. Thus, it is worth knowing the facts that could determine the stock's prospects."
2025-03-14,CRM,"Marc Benioff, CEO of Salesforce (NYSE: CRM), discussed the company's AI strategy and business performance in a recent exclusive interview with The Motley Fool.  As the second-largest software company in the world, Salesforce continues to position itself at the forefront of enterprise AI development with its Agentforce platform.  Salesforce's Agentforce platform is quickly becoming a major revenue driver, with the company reporting substantial customer adoption since its October release."
2025-03-14,CRM,"Even during a down period for the markets, Salesforce has gone against the grain, climbing to $274.18. Its shares have yielded a 6.7% return over the last six months, beating the S&amp;P 500 by 8%. This run-up might have investors contemplating their next move."
2025-03-14,CRM,"Among the blue-chip-laden Dow Jones Industrial Average (DJINDICES: ^DJI), the two worst-performing stocks in the month of February were UnitedHealth Group (NYSE: UNH) and Salesforce (NYSE: CRM).  UnitedHealth's woes started early in February following hedge fund manager Bill Ackman's now-deleted post on social media website X, where he questioned the health insurer's reported profits and suggested the stock was a short-selling candidate.  At the same time, UnitedHealth is resisting shareholders' efforts to force more transparency regarding costs linked to delaying and denying care."
2025-03-14,TRV,"We recently published a list of the 10 Most Undervalued Insurance Stocks to Buy Now. In this article, we are going to take a look at where The Travelers Companies, Inc. (NYSE:TRV) stands against the other undervalued insurance stocks. The insurance industry has performed better in 2025 than the broader market. The S&amp;P 500 index, […]"
2025-03-14,UNH,"The Silver State plans to award managed care contracts to newcomer CareSource and incumbents UnitedHealth, Elevance, Centene and Molina."
2025-03-14,UNH,"Among the blue-chip-laden Dow Jones Industrial Average (DJINDICES: ^DJI), the two worst-performing stocks in the month of February were UnitedHealth Group (NYSE: UNH) and Salesforce (NYSE: CRM).  UnitedHealth's woes started early in February following hedge fund manager Bill Ackman's now-deleted post on social media website X, where he questioned the health insurer's reported profits and suggested the stock was a short-selling candidate.  At the same time, UnitedHealth is resisting shareholders' efforts to force more transparency regarding costs linked to delaying and denying care."
2025-03-14,VZ,"CMCSA expands speeds of Xfinity Internet prepaid plans as a response to a 139,000 broadband subscriber decline."
2025-03-14,VZ,"The major indexes suffered another week of sharp losses as Trump tariffs ramped up, shrugging off tame inflation."
2025-03-14,VZ,"We recently published a list of Jim Cramer Discusses These 11 Stocks & Says Trump’s ‘Soft’ On Tariffs Amidst $4 Trillion Wipeout. In this article, we are going to take a look at where Verizon Communications Inc. (NYSE:VZ) stands against other stocks that Jim Cramer discusses. In a recent appearance on CNBC’s Squawk on the […]"
2025-03-14,V,"Crypto-centric stocks like NVDA, HOOD, IBKR and V are poised to benefit when the next Bitcoin rally resumes."
2025-03-14,V,"According to the average brokerage recommendation (ABR), one should invest in Visa (V). It is debatable whether this highly sought-after metric is effective because Wall Street analysts' recommendations tend to be overly optimistic. Would it be worth investing in the stock?"
2025-03-14,V,"Zacks.com users have recently been watching Visa (V) quite a bit. Thus, it is worth knowing the facts that could determine the stock's prospects."
2025-03-14,V,"Tariffs and the threat trade wars pose on the global economy are weighing on the markets right now.  Three investments you may want to consider loading up on right now are Alibaba Group Holdings (NYSE: BABA), Visa (NYSE: V), and Axon Enterprise (NASDAQ: AXON).  President Donald Trump has put tariffs in place on imports from China, which will raise costs for many companies operating in the U.S. and that depend on Chinese goods."
2025-03-14,WMT,Not all market corrections act the same way. Look for these five key checkpoints to help gauge the severity and help you react appropriately.
2025-03-14,WMT,"Kroger had big merger plans. Now that those are off, one research team says the grocery chain needs to stack its team with people who can help Kroger contend with Walmart."
2025-03-14,WMT,"We recently published a list of Top 10 Stocks Market Is Watching Today. In this article, we are going to take a look at where Target Corporation(NYSE:TGT) stands against other top stocks market is watching today. Chris Grisanti, MAI Capital Management chief market strategist, said in a latest program on CNBC that the market is […]"
2025-03-14,WMT,CEO Todd Vasos said the company is well-positioned to weather the impacts of tariffs.
2025-03-14,WMT,"CK Hutchison dropped by over 6% in Hong Kong trading on Friday, even as the city's benchmark Hang Seng Index rose by over 2%."
2025-03-14,WMT,"Walmart (WMT) was summoned by Chinese officials for attempting to pass U.S. tariff costs onto suppliers, but it’s hardly alone in its approach. McDonald’s is splitting its teams to conquer beef, chicken, and beverages."
2025-03-14,WMT,Golden Krust is expanding into Walmart's nationwide with two new signature patty flavors.
2025-03-14,DIS,"We recently published a list of Was Jim Cramer Right About These 16 Stocks? In this article, we are going to take a look at where The Walt Disney Company (NYSE:DIS) stands against other stocks that Jim Cramer discussed 12 months ago during his show on March 18, 2024. On the most recent episode of […]"
2025-03-14,DIS,"YouTube creators are beginning to get their Hollywood moment.  Streamers including  Netflix  NBCUniversal’s Peacock and Amazon.com are wooing web creators—and their legions of fans—for new series or spinoffs, courting a category of performers whose fare rarely used to make the jump to subscription streaming services.  The change is a sign of Google-owned YouTube’s tightening grip on America’s TV time."
2025-03-14,NVDA,"Market Domination Overtime host Julie Hyman and Yahoo Finance Head of News Myles Udland outline the top events investors will be watching next week. The March Federal Open Market Committee (FOMC) is set for Tuesday with comments from Federal Reserve Chair Jerome Powell and the possibility of changing interest rates. General Mills (GIS), Accenture (ACN), Darden (DRI), Nike (NKE), Micron Technology (MU), and FedEx (FDX) are some of the companies reporting earnings next week. Nvidia (NVDA) will kick off its GPU Technology Conference on Monday. To watch more expert insights and analysis on the latest market action, check out more Market Domination Overtime here."
2025-03-14,NVDA,"Intel’s stock plunged 60% in 2024 and the company ousted its CEO. That has left new CEO Lip-Bu Tan facing significant challenges, including how to fix the chip giant’s business. WSJ explains."
2025-03-14,NVDA,"Quantum stocks heated up Friday in front of a major AI conference next week. The conference, GTC, features a keynote speech from Nvidia CEO Jensen Huang on Tuesday, and two days later, Huang is slated to appear on a panel about the future of quantum computing with a range of industry executives."
2025-03-14,NVDA,Wall Street analysts are hoping that Nvidia's upcoming GTC conference will provide a boost for Nvidia stock.
2025-03-14,NVDA,"↗️ DocuSign (DOCU): The e-signature company logged higher-than-expected quarterly profit and revenue, boosted by its new AI-enabled products. Shares climbed 15%, its biggest daily gain of the year. ↘️ Abbott Laboratories (ABT), Reckitt Benckiser (UK: RKT): A U."
2025-03-14,NVDA,"We recently published a list of 10 AI Stocks On Wall Street’s Radar. In this article, we are going to take a look at where NVIDIA Corporation (NASDAQ:NVDA) stands against other AI stocks that are on Wall Street’s radar today. Unlike other companies, OpenAI does not struggle with market demand; noted Oliver Jay, managing director […]"
2025-03-14,NVDA,"Nvidia (NVDA) shares pop during Friday's trading session, making up for being among the ""Magnificent Seven"" names that dragged the market lower during the recent tech-driven downturn.  Market Domination host Julie Hyman and Yahoo Finance Head of News Myles Udland take a closer look at the price action. To watch more expert insights and analysis on the latest market action, check out more Market Domination here."
2025-03-14,NVDA,"Shares of artificial intelligence (AI) giant Nvidia (NASDAQ: NVDA) traded nearly 4.5% higher in the final half hour of trading on Friday.  While there was no obvious catalyst behind the move, the stock market rebounded today after another difficult week and Nvidia also seems to be benefiting after a positive update from one of its suppliers.  Taiwan-based Foxconn, also known as Hon Hai Precision Industry, reported fourth-quarter net income of $1.41 billion, which missed analyst estimates and also declined 13% year over year."
2025-03-14,NVDA,"Nvidia is set to kick off its weeklong GPU Technology Conference in San Jose, California on Monday, with a keynote address from CEO Jensen Huang on Tuesday."
2025-03-14,NVDA,"Amazon.com may be the best bet among the Magnificent Seven. These other three stocks look attractive, too."
2025-03-14,NVDA,"The tech sector has been getting hammered so far this year, down 10.5% at the time of this writing, which is slightly worse than the Nasdaq Composite.  The Nasdaq is in a correction -- down over 13% from its all-time high at the time of this writing.  Semiconductor stocks like Nvidia and Broadcom are down even further."
2025-03-14,NVDA,Quantum computing stocks led by D-Wave popped on Friday ahead of chipmaker Nvidia's GTC conference next week.
2025-03-14,NVDA,"Dubbed the Magnificent Seven stocks, Apple, Microsoft, Google parent Alphabet, Amazon.com, Nvidia, Meta Platforms and Tesla lived up to their name in 2024 with solid gains. Through the first two months of 2025, however, performance for these mega-cap stocks has been mostly negative thus far."
2025-03-14,NVDA,"NVIDIA (NasdaqGS:NVDA) recently announced advancements in its RTX neural rendering technologies and a partnership with Microsoft to integrate neural shading into Microsoft DirectX, ahead of the Game Developers Conference. These developments, showcasing cutting-edge AI in gaming, are likely to have influenced the company’s price movement of 3% over the past week. Add to this momentum, NVIDIA led a tech sector rally amid a market rebound from previous sell-offs. The overall market saw a decline..."
2025-03-14,NVDA,"Nvidia rose 3% early Friday after Foxconn, formally known as Hon Hai Precision Industry, projected higher artificial intelligence sales in its fourth-quarter results, potentially benefitting Nvidia stock.  Investors await Nvidia's AI developers' conference on March 17.  Nvidia plans to roll out Blackwell Ultra and Rubin — its next generation chip — at the event."
2025-03-14,NVDA,Wall Street is fearful. Should you be greedy?
2025-03-14,NVDA,How can you handle stock market corrections? Use 4 proven guidelines to stay protected and get ready to profit in the next uptrend.
2025-03-14,NVDA,"Is Nvidia still a worthwhile investment? Despite recent market headwinds, investors—especially young ones—are still bullish."
2025-03-14,NVDA,"We recently published a list of 12 AI Stocks on Wall Street’s Radar Today. In this article, we are going to take a look at where NVIDIA Corporation (NASDAQ:NVDA) stands against other AI stocks that are on Wall Street’s radar today. According to a new L.E.K. Consulting report, investor sentiment today heavily ties a company’s […]"
2025-03-14,NVDA,"We recently published a list of Jim Cramer Discussed These 7 Stocks. In this article, we are going to take a look at where NVIDIA Corporation (NASDAQ:NVDA) stands against other stocks that Jim Cramer discussed. Jim Cramer, host of Mad Money, advised investors on Monday against exiting the market entirely, despite the sharp sell-off that […]"
2025-03-14,GOOGL,"Antitrust regulators aren't backing down from cases against Big Tech names like Alphabet (GOOG, GOOGL), Meta Platforms (META), Apple (AAPL), Amazon (AMZN), and Microsoft (MSFT) under President Donald Trump's second term. Yahoo Finance Senior Legal Reporter Alexis Keenan joins Market Domination Overtime with Julie Hyman and Myles Udland to break down the US government's ongoing antitrust cases against Big Tech names. To watch more expert insights and analysis on the latest market action, check out more Market Domination Overtime here."
2025-03-14,GOOGL,"The ""Magnificent Seven"" stocks haven't been immune to the overall market decline. BMO Capital Markets Chief investment Strategist Brian Belski says there's one Mag 7 stock he would buy on the dip. Find out what it is in the video above. To watch more expert insights and analysis on the latest market action, check out more Catalysts here."
2025-03-14,GOOGL,"We recently published a list of 10 AI Stocks On Wall Street’s Radar. In this article, we are going to take a look at where Alphabet Inc. (NASDAQ:GOOG) stands against other AI stocks that are on Wall Street’s radar today. Unlike other companies, OpenAI does not struggle with market demand; noted Oliver Jay, managing director […]"
2025-03-14,GOOGL,"Google will replace Google Assistant on Android phones with Gemini later this year, the company announced on Friday. Google said in a blog post that it'll upgrade more users from Google Assistant to Gemini ""over the coming months."" Later this year, Assistant will no longer be accessible on most mobile devices or available from app stores. ""Additionally, we’ll be upgrading tablets, cars and devices that connect to your phone, such as headphones and watches, to Gemini,"" the company added. ""We're a"
2025-03-14,GOOGL,"Amazon.com may be the best bet among the Magnificent Seven. These other three stocks look attractive, too."
2025-03-14,GOOGL,Google is integrating Gemini with Search and its entire ecosystem--here's why this AI shift could change everything.
2025-03-14,GOOGL,A new IPO filing from start-up CoreWeave suggests that every dollar put into the AI cloud is quickly paying off thanks to rapid growth rates in the business.
2025-03-14,GOOGL,How can you handle stock market corrections? Use 4 proven guidelines to stay protected and get ready to profit in the next uptrend.
2025-03-14,GOOGL,"Silicon Valley is bullish on AI agents. OpenAI CEO Sam Altman said agents will ""join the workforce"" this year. Microsoft CEO Satya Nadella predicted that agents will replace certain knowledge work. Salesforce CEO Marc Benioff said that Salesforce's goal is to be ""the number one provider of digital labor in the world"" via the company's various ""agentic"" services. But no one can seem to agree on what an AI agent is, exactly. In the last few years, the tech industry has boldly proclaimed that AI ""a"
2025-03-14,GOOGL,"We recently published a list of Was Jim Cramer Right About These 16 Stocks?. In this article, we are going to take a look at where Alphabet Inc. (NASDAQ:GOOGL), stands against other stocks that Jim Cramer discussed 12 months ago during his show on March 18, 2024. On the most recent episode of Mad Money, […]"
2025-03-14,GOOGL,"ORCL's AI Centre can't hide missed earnings, falling license revenues, and fierce regional competition from AWS, Microsoft and Google."
2025-03-14,GOOGL,"With the Nasdaq Composite in correction territory, investors should consider investing some cash in the stock market.  This year, its revenue is expected to reach $204 billion, clearly indicating that AI investments aren't waning."
2025-03-14,GOOGL,The CMA's final report emphasises that issues related to mobile browsers are “holding back innovation and could be limiting growth in the UK”.
2025-03-14,GOOGL,"Egnyte has announced significant advancements in its cloud-based Intelligence solutions, unveiling new features that enable IT administrators to configure AI agents and define AI workflows without coding. These enhancements aim to simplify the integration of AI across the content lifecycle, from creation and editing to search and governance. Key features include AI Agents that address document-centric business issues, AI Workflows that automate tasks such as document summarization, and AI..."
2025-03-14,GOOGL,Uber is a high-risk but potentially high-return stock.
2025-03-14,GOOGL,Driverless cars racked up nearly 600 parking tickets in San Francisco last year as robot taxis favoured convenience over rules of the road.
2025-03-14,GOOGL,The most attractive stocks to buy are often the companies you already own.
2025-03-14,GOOGL,"As the tax year ends, experts say it could be worth reviewing the investments in your individual savings account, to make the most of your annual allowance."
2025-03-14,META,Meta Platforms shares have outperformed other members of the Magnificent Seven group of mega-cap technology stocks so far in 2025. Here are the important levels to watch.
2025-03-14,META,"Antitrust regulators aren't backing down from cases against Big Tech names like Alphabet (GOOG, GOOGL), Meta Platforms (META), Apple (AAPL), Amazon (AMZN), and Microsoft (MSFT) under President Donald Trump's second term. Yahoo Finance Senior Legal Reporter Alexis Keenan joins Market Domination Overtime with Julie Hyman and Myles Udland to break down the US government's ongoing antitrust cases against Big Tech names. To watch more expert insights and analysis on the latest market action, check out more Market Domination Overtime here."
2025-03-14,META,"The ""Magnificent Seven"" stocks haven't been immune to the overall market decline. BMO Capital Markets Chief investment Strategist Brian Belski says there's one Mag 7 stock he would buy on the dip. Find out what it is in the video above. To watch more expert insights and analysis on the latest market action, check out more Catalysts here."
2025-03-14,META,"Amazon.com may be the best bet among the Magnificent Seven. These other three stocks look attractive, too."
2025-03-14,META,"Dubbed the Magnificent Seven stocks, Apple, Microsoft, Google parent Alphabet, Amazon.com, Nvidia, Meta Platforms and Tesla lived up to their name in 2024 with solid gains. Through the first two months of 2025, however, performance for these mega-cap stocks has been mostly negative thus far."
2025-03-14,META,Wall Street is fearful. Should you be greedy?
2025-03-14,META,"We recently published a list of Jim Cramer Discussed These 7 Stocks. In this article, we are going to take a look at where Meta (NASDAQ:META) stands against other stocks that Jim Cramer discussed. Jim Cramer, host of Mad Money, advised investors on Monday against exiting the market entirely, despite the sharp sell-off that has […]"
2025-03-14,META,"Some members of the beta program say they’ve already made $5,000."
2025-03-14,META,"Apple (AAPL), Meta Platforms (META), and Tesla (TSLA) are trading in the green, making up for some of Thursday's losses when they led ""Magnificent Seven"" declines. To watch more expert insights and analysis on the latest market action, check out more Morning Brief here."
2025-03-14,META,"With the Nasdaq Composite in correction territory, investors should consider investing some cash in the stock market.  This year, its revenue is expected to reach $204 billion, clearly indicating that AI investments aren't waning."
2025-03-14,BRK-A,"Berkshire Hathaway said on Friday longtime Director Ronald Olson will be leaving its board because of a policy change requiring directors, except for Warren Buffett, to step down after turning 80.  In a proxy statement for its May 3 annual meeting in Omaha, Nebraska, Berkshire also said its board unanimously urged the rejection of seven shareholder proposals, including three on its subsidiaries' diversity and anti-discrimination efforts.  Berkshire also said Buffett's compensation was $405,111 in 2024, comprising his usual $100,000 salary plus personal and home security."
2025-03-14,BRK-B,"Berkshire Hathaway said on Friday longtime Director Ronald Olson will be leaving its board because of a policy change requiring directors, except for Warren Buffett, to step down after turning 80.  In a proxy statement for its May 3 annual meeting in Omaha, Nebraska, Berkshire also said its board unanimously urged the rejection of seven shareholder proposals, including three on its subsidiaries' diversity and anti-discrimination efforts.  Berkshire also said Buffett's compensation was $405,111 in 2024, comprising his usual $100,000 salary plus personal and home security."
2025-03-14,TSLA,"We are maintaining our Buy rating on shares of Vertical Aerospace and our $13.50 price target.  Vertical still boasts the second-largest aircraft backlog in the industry and remains the lone European survivor among electric vertical takeoff and landing, or eVTOL, competitors, providing the company an enviable competitive moat, considering that American competitors won’t be able to export initial FAA powered lift-certified aircraft to the region for some time.  With the return of former (aircraft lessor) Avolon CEO Domhnal Slattery as chairman, we expect to see meaningful conversions of bankrupt competitors’ backlogs (particularly  Lilium  bizjet/luxury charter and airline shuttle customers) to Vertical’s backlog, which should ultimately result in an uptick in firm orders....It is apparent that the company will require additional capital that we have contemplated in our estimated discounted cash flow through 2035, which also includes revenue assumptions for aftermarket battery sales and service (Some 420 million pounds by 2035)."
2025-03-14,TSLA,"We recently compiled a list of the 10 High Flying AI Stocks This Week. In this article, we are going to take a look at where Tesla, Inc. (NASDAQ:TSLA) stands against the other AI stocks. Celestial AI™, creator of the Photonic Fabric™ optical interconnect technology platform, recently announced that it has raised an additional $250 million in […]"
2025-03-14,TSLA,"In a letter addressed to the U.S. Trade Representative, Elon Musk's Tesla warned that retaliatory tariffs could affect production and harm U.S. companies."
2025-03-14,TSLA,"The alcohol industry is one of the latest sectors caught in the crossfire of the growing global trade war.  The European Union announced retaliatory tariffs against the U.S. on Wednesday, in response to the Trump administration’s steel and aluminum levies.  The EU said it plans 50% tariffs on imports of American whiskey, motorcycles and motorboats starting April 1."
2025-03-14,TSLA,Investing.com -- Elon Musk's Tesla (NASDAQ:TSLA) and SpaceX filed letters encouraging the U.S. Trade Representative to consider the impact of the Trump administration tariffs.
2025-03-14,TSLA,"Then, Motley Fool host Alison Southwick and personal finance expert Robert Brokamp discuss Social Security's funding challenges and how investors should prepare.  To catch full episodes of all The Motley Fool's free podcasts, check out our podcast center."
2025-03-14,TSLA,"Tesla shares rose close to 4% Friday amid a broader market rebound, but posted losses for the eighth week in a row, with some Wall Street analysts expecting further declines."
2025-03-14,TSLA,"TSLA stock has fallen for eight weeks as Elon Musk spurs Tesla brand ""destruction."" BYD stock is near highs ahead of a big fast-charging push."
2025-03-14,TSLA,"Tesla stock trades higher Friday in an up and down week for the EV maker, Rubrik surges on a strong fiscal 2026 outlook, Docusign’s earnings top estimates, and Ulta Beauty’s quarterly same-store sales growth beats expectations."
2025-03-14,TSLA,"↗️ DocuSign (DOCU): The e-signature company logged higher-than-expected quarterly profit and revenue, boosted by its new AI-enabled products. Shares climbed 15%, its biggest daily gain of the year. ↘️ Abbott Laboratories (ABT), Reckitt Benckiser (UK: RKT): A U."
2025-03-14,TSLA,"Another analyst cut a target price for  Tesla  stock because car business fundamentals are “spoiling razzle-dazzle momentum.”  The price target cuts are piling up.  On Friday, Wells Fargo analyst Colin Langan cut his Tesla price target to $130 from $135."
2025-03-14,TSLA,Consumer stocks rose late Friday afternoon with the Consumer Staples Select Sector SPDR Fund (XLP) i
2025-03-14,TSLA,"President Donald Trump is marking a major shift from his long history of criticizing electric vehicles. Just two years ago, he claimed, “Nobody wants to buy them,” and mocked their battery life. Now, after Tesla (NASDAQ:TSLA) CEO Elon Musk endorsed him and invested heavily in his re-election campaign, Trump is not only supporting EVs but he said he's personally purchasing one. In 2023, Trump told Sean Hannity ""nobody wants to buy"" electric vehicles, ""the people don't want them."" pic.twitter.com/"
2025-03-14,TSLA,"Amazon.com may be the best bet among the Magnificent Seven. These other three stocks look attractive, too."
2025-03-14,TSLA,"Dubbed the Magnificent Seven stocks, Apple, Microsoft, Google parent Alphabet, Amazon.com, Nvidia, Meta Platforms and Tesla lived up to their name in 2024 with solid gains. Through the first two months of 2025, however, performance for these mega-cap stocks has been mostly negative thus far."
2025-03-14,TSLA,Wells Fargo warns Tesla could drop another 46% as sales struggle and tariffs loom
2025-03-14,TSLA,Tesla is slashing prices on its best-selling Model Y to stay in the game. Will this gamble pay off?
2025-03-14,TSLA,It comes amid numerous instances of build quality issues with the Cybertruck and marks the latest problem plaguing the once promising vehicle.
2025-03-14,TSLA,"Despite nearly a 50% drop since mid-December, Tesla Inc. (NASDAQ:TSLA) shares are still too expensive to attract seasoned investor Ross Gerber back into the fold. What Happened: Ross Gerber, the president and CEO of Gerber Kawasaki Wealth & Investment ..."
2025-03-14,TSLA,Elon Musk-led Tesla sent a letter to the Trump administration warning that the trade war is exposing Tesla and other exporters to retaliatory tariffs that could hurt manufacturers.
2025-03-14,AVGO,"The tech sector has been getting hammered so far this year, down 10.5% at the time of this writing, which is slightly worse than the Nasdaq Composite.  The Nasdaq is in a correction -- down over 13% from its all-time high at the time of this writing.  Semiconductor stocks like Nvidia and Broadcom are down even further."
2025-03-14,AVGO,"We recently published a list of What Did Jim Cramer Say About These 19 Stocks Recently? In this article, we are going to take a look at where ABC stands against other stocks that Jim Cramer discussed recently. Jim Cramer kicked off his latest episode of Mad Money by highlighting the wild swings in the market, […]"
2025-03-14,AVGO,The company doubled down on its network of third-party service providers to steer enterprise customers to VMware Cloud Foundation.
2025-03-14,AVGO,"With the Nasdaq Composite in correction territory, investors should consider investing some cash in the stock market.  This year, its revenue is expected to reach $204 billion, clearly indicating that AI investments aren't waning."
2025-03-14,AVGO,Broadcom ( NASDAQ:AVGO ) First Quarter 2025 Results Key Financial Results Revenue: US$14.9b (up 25% from 1Q 2024). Net...
2025-03-14,AVGO,"The S&amp;P 500 (SNPINDEX: ^GSPC) is made up of 500 companies from 11 different sectors of the U.S. economy, but the information technology sector is the largest in the index by far, representing 30.1% of its entire value.  The Vanguard Information Technology ETF (NYSEMKT: VGT) exclusively invests in stocks from the information technology sector, and it has beaten the S&amp;P 500 every year on average since it was established in 2004.  The Vanguard Information Technology ETF holds 316 stocks from 12 different subsegments of the information technology sector, the largest of which is semiconductors with a weighting of 27%."
2025-03-14,LLY,"AstraZeneca ADR shows improving price performance, earning an upgrade to its IBD Relative Strength Rating from 80 to 83."
2025-03-14,LLY,"Eli Lilly (NYSE:LLY) recently announced several significant events, including promising trial results for baricitinib in treating severe alopecia areata and long-term efficacy data for EBGLYSS in atopic dermatitis. Additionally, the European Medicines Agency's positive opinion on Jaypirca for chronic lymphocytic leukemia marks a critical milestone. Meanwhile, the company is expanding its manufacturing capacity with plans to build four new sites in the U.S., promising substantial job creation..."
2025-03-14,LLY,"Eli Lilly stock has sold off alongside the broader market over the last week, undercutting its moving averages. Is LLY stock a sell?"
2025-03-14,LLY,One of them had to do with Citadel's position in the pharmaceutical giant Eli Lilly (NYSE: LLY).  Ken Griffin and his team increased their stake in this leading drugmaker by 184%.  Should investors follow Griffin's lead and buy (more) shares of Eli Lilly?
2025-03-14,LLY,"As the craze of earnings season draws to a close, here’s a look back at some of the most exciting (and some less so) results from Q4. Today, we are looking at branded pharmaceuticals stocks, starting with Supernus Pharmaceuticals (NASDAQ:SUPN)."
2025-03-14,LLY,"An Eli Lilly exec said the company’s experimental weight-loss pill could make GLP-1 treatments more accessible worldwide, as it would be easier to manufacture and distribute globally. Three U.S. senators have demanded, in a letter, that Health and Human Services (HHS) Secretary Robert F. Kennedy Jr. share details about several private dinners he attended with Donald Trump and healthcare executives at Mar-a-Lago. Novo Nordisk released clinical trial results on Monday for its potential Ozempic suc"
2025-03-14,NFLX,"February's cooler CPI print has helped markets stabilize amid ongoing tariff concerns, and one stock investors may be eyeing for a rebound is Netflix (NFLX)."
2025-03-14,NFLX,"Amazon (AMZN) is in talks to strike a deal for a second and third season of ""Beast Games"" with the Y"
2025-03-14,NFLX,"Netflix, Inc. (NASDAQ: NFLX) today announced it will post its first quarter 2025 financial results and business outlook on its investor relations website at http://ir.netflix.net on Thursday, April 17, 2025, at approximately 1:01 p.m. Pacific Time."
2025-03-14,NFLX,"We recently published a list of Jim Cramer Discussed These 7 Stocks. In this article, we are going to take a look at where Netflix, Inc. (NASDAQ:NFLX) stands against other stocks that Jim Cramer discussed. Jim Cramer, host of Mad Money, advised investors on Monday against exiting the market entirely, despite the sharp sell-off that […]"
2025-03-14,NFLX,"YouTube creators are beginning to get their Hollywood moment.  Streamers including  Netflix  NBCUniversal’s Peacock and Amazon.com are wooing web creators—and their legions of fans—for new series or spinoffs, courting a category of performers whose fare rarely used to make the jump to subscription streaming services.  The change is a sign of Google-owned YouTube’s tightening grip on America’s TV time."
2025-03-14,NFLX,"Based on the average brokerage recommendation (ABR), Netflix (NFLX) should be added to one's portfolio. Wall Street analysts' overly optimistic recommendations cast doubt on the effectiveness of this highly sought-after metric. So, is the stock worth buying?"
2025-03-14,NFLX,"Recently, Zacks.com users have been paying close attention to Netflix (NFLX). This makes it worthwhile to examine what the stock has in store."
2025-03-14,NFLX,"We recently published a list of Top 10 Stocks Market Is Watching Today. In this article, we are going to take a look at where Netflix, Inc. (NASDAQ:NFLX) stands against other top stocks market is watching today. Chris Grisanti, MAI Capital Management chief market strategist, said in a latest program on CNBC that the market […]"
2025-03-14,ASML,"The tech sector has been getting hammered so far this year, down 10.5% at the time of this writing, which is slightly worse than the Nasdaq Composite.  The Nasdaq is in a correction -- down over 13% from its all-time high at the time of this writing.  Semiconductor stocks like Nvidia and Broadcom are down even further."
2025-03-14,ASML,"Both of these are vital in the chip production world, and each looks like it's a great stock to scoop up while it's on sale.  Anything with more advanced technology requires high-powered chips, and without TSMC or ASML, these advances wouldn't be possible.  While short-term worries come and go in the stock market, investors should focus on long-term trends like chip technology advances."
2025-03-14,BABA,"Tariffs and the threat trade wars pose on the global economy are weighing on the markets right now.  Three investments you may want to consider loading up on right now are Alibaba Group Holdings (NYSE: BABA), Visa (NYSE: V), and Axon Enterprise (NASDAQ: AXON).  President Donald Trump has put tariffs in place on imports from China, which will raise costs for many companies operating in the U.S. and that depend on Chinese goods."
2025-03-14,MMM,The plaintiff alleged that Black female employees who similarly violated workplace rules were not fired like he was.
2025-03-14,AXP,"Companies commonly boost payouts when business is fruitful, overall sending a positive message concerning the longer-term picture."
2025-03-14,AXP,"American Express  stock is sliding this year, and the card company’s newest director just bought a large block of shares.  American Express shares are about 12 percentage points in the red year to date, far worse than the  In late January, the company reported strong fourth-quarter earnings and raised its dividend, but shares dropped as investors perceived weakness in the company’s guidance.  Its stock fell again in mid-February after its chief financial officer said first-quarter revenue growth would be slower than in the fourth quarter."
2025-03-14,AXP,Investing.com -- Baird analysts upgraded American Express (NYSE:AXP) to Neutral following a “persistent sell-off in the broader market” that has made it “difficult for us to remain pessimistic on AXP's high-quality franchise.”
2025-03-14,AXP,"WSJ’s Bold Names brings you conversations with the leaders of the bold-named companies featured in the pages of The Wall Street Journal.  Hosts Tim Higgins and Christopher Mims speak to CEOs and business leaders in interviews that challenge conventional wisdom and take you inside the decisions being made in the C-suite and beyond.  In the first episode of Season 2, Bilt Rewards founder and CEO  Ankur Jain  took inspiration from  American Express’s  rewards programs when his company began offering people loyalty points for paying monthly rent."
2025-03-14,AMGN,"Oppenheimer reiterates a Perform rating on Cartesian Therapeutics (RNAC) without a price target following the company’s Q4 report. The company’s Phase 3 trial in myasthenia gravis remains on track to start by mid-year, the analyst tells investors in a research note. The firm thinks the trial has a “decent chance at working,” but does not currently view Descartes-08 as a commercially viable therapy. Just today, Amgen (AMGN) announced updated Uplizna results showing a deepening of responses six mo"
2025-03-14,AAPL,"We recently compiled a list of the 10 High Flying AI Stocks This Week. In this article, we are going to take a look at where Apple Inc. (NASDAQ:AAPL) stands against the other AI stocks. Celestial AI™, creator of the Photonic Fabric™ optical interconnect technology platform, recently announced that it has raised an additional $250 million […]"
2025-03-14,AAPL,"Apple (AAPL) concluded the recent trading session at $213.49, signifying a +1.82% move from its prior day's close."
2025-03-14,AAPL,"Antitrust regulators aren't backing down from cases against Big Tech names like Alphabet (GOOG, GOOGL), Meta Platforms (META), Apple (AAPL), Amazon (AMZN), and Microsoft (MSFT) under President Donald Trump's second term. Yahoo Finance Senior Legal Reporter Alexis Keenan joins Market Domination Overtime with Julie Hyman and Myles Udland to break down the US government's ongoing antitrust cases against Big Tech names. To watch more expert insights and analysis on the latest market action, check out more Market Domination Overtime here."
2025-03-14,AAPL,"The ""Magnificent Seven"" stocks haven't been immune to the overall market decline. BMO Capital Markets Chief investment Strategist Brian Belski says there's one Mag 7 stock he would buy on the dip. Find out what it is in the video above. To watch more expert insights and analysis on the latest market action, check out more Catalysts here."
2025-03-14,AAPL,"We recently published a list of 10 AI Stocks On Wall Street’s Radar. In this article, we are going to take a look at where Apple Inc. (NASDAQ:AAPL) stands against other AI stocks that are on Wall Street’s radar today. Unlike other companies, OpenAI does not struggle with market demand; noted Oliver Jay, managing director […]"
2025-03-14,AAPL,"Amazon.com may be the best bet among the Magnificent Seven. These other three stocks look attractive, too."
2025-03-14,AAPL,"(Bloomberg) -- Apple Inc.’s top executive overseeing its Siri virtual assistant told staff that delays to key features have been ugly and embarrassing, and a decision to publicly promote the technology before it was ready made matters worse.Most Read from BloombergTrump DEI Purge Hits Affordable Housing GroupsElectric Construction Equipment Promises a Quiet RevolutionNYC Congestion Pricing Toll Gains Support Among City ResidentsOpen Philanthropy Launches $120 Million Fund To Support YIMBY Reform"
2025-03-14,AAPL,"Dubbed the Magnificent Seven stocks, Apple, Microsoft, Google parent Alphabet, Amazon.com, Nvidia, Meta Platforms and Tesla lived up to their name in 2024 with solid gains. Through the first two months of 2025, however, performance for these mega-cap stocks has been mostly negative thus far."
2025-03-14,AAPL,"Apple (NasdaqGS:AAPL) recently introduced new products, including the MacBook Air and Mac Studio, both boasting cutting-edge M4 and M3 Ultra chips, adding to its lineup of innovative technology. Despite these launches, the company experienced a 10% decline in its share price over the past month. The decline could be partially explained by broader market trends; the Nasdaq Composite has fallen nearly 5% over the same period, driven by economic concerns and inflation fears stemming from recent..."
2025-03-14,AAPL,"ChatGPT, OpenAI’s text-generating AI chatbot, has taken the world by storm since its launch in November 2022. What started as a tool to supercharge productivity through writing essays and code with short text prompts has evolved into a behemoth with 300 million weekly active users. 2024 was a big year for OpenAI, from its partnership with Apple for its generative AI offering, Apple Intelligence, the release of GPT-4o with voice capabilities, and the highly-anticipated launch of its text-to-video"
2025-03-14,AAPL,"Apple secures key permits, but one last hurdle could make or break its comeback in a massive market."
2025-03-14,AAPL,How can you handle stock market corrections? Use 4 proven guidelines to stay protected and get ready to profit in the next uptrend.
2025-03-14,AAPL,Not all market corrections act the same way. Look for these five key checkpoints to help gauge the severity and help you react appropriately.
2025-03-14,AAPL,"We recently published a list of Jim Cramer Discussed These 7 Stocks. In this article, we are going to take a look at where Apple Inc. (NASDAQ:AAPL) stands against other stocks that Jim Cramer discussed. Jim Cramer, host of Mad Money, advised investors on Monday against exiting the market entirely, despite the sharp sell-off that […]"
2025-03-14,AAPL,"We recently published a list of Was Jim Cramer Right About These 16 Stocks?. In this article, we are going to take a look at where Apple Inc. (NASDAQ:AAPL) stands against other stocks that Jim Cramer discussed 12 months ago during his show on March 18, 2024. On the most recent episode of Mad Money, […]"
2025-03-14,AAPL,"Hon Hai Precision (2317.TW), also known as Foxconn, is in focus after the Nvidia (NVDA) and Apple (AAPL) supplier reported a 13% decline in net income while also expecting artificial intelligence (AI) sales to double over the next year. To watch more expert insights and analysis on the latest market action, check out more Morning Brief here."
2025-03-14,AAPL,"Apple is still a good bet despite delays to its planned artificial-intelligence features, according to Wedbush's Daniel Ives."
2025-03-14,AAPL,"Apple (AAPL), Meta Platforms (META), and Tesla (TSLA) are trading in the green, making up for some of Thursday's losses when they led ""Magnificent Seven"" declines. To watch more expert insights and analysis on the latest market action, check out more Morning Brief here."
2025-03-14,AAPL,"We recently published a list of Top 10 Stocks Market Is Watching Today. In this article, we are going to take a look at where Apple Inc. (NASDAQ:AAPL) stands against other top stocks market is watching today. Chris Grisanti, MAI Capital Management chief market strategist, said in a latest program on CNBC that the market […]"
2025-03-14,AAPL,The CMA's final report emphasises that issues related to mobile browsers are “holding back innovation and could be limiting growth in the UK”.
2025-03-14,AMD,"Intel’s stock plunged 60% in 2024 and the company ousted its CEO. That has left new CEO Lip-Bu Tan facing significant challenges, including how to fix the chip giant’s business. WSJ explains."
2025-03-14,AMD,"We recently published a list of 10 AI Stocks On Wall Street’s Radar. In this article, we are going to take a look at where Advanced Micro Devices, Inc. (NASDAQ:AMD) stands against other AI stocks that are on Wall Street’s radar today. Unlike other companies, OpenAI does not struggle with market demand; noted Oliver Jay, […]"
2025-03-14,AMD,"BlackBerry's QNX division, with Intel and NexCOBOT, introduces a cutting-edge Functional Safety platform for advanced robotic systems."
2025-03-14,AMD,"The Nasdaq Composite index has entered correction territory as the tech-laden market index is now down more than 13% from the highs it achieved on Dec. 16 last year, and this souring market sentiment can be attributed to recent economic developments that have led investors to become risk averse.  From the tariffs being imposed by the Trump administration on countries such as Canada, Mexico, and China to a weaker-than-expected jobs report last month to weakening consumer confidence on account of a potential uptick in inflation, several factors have contributed to the Nasdaq's correction.  A stock market correction refers to a decline of 10% to 20% in major market indexes."
2025-03-14,AMD,"Astera Labs has announced the expansion of its Cloud-Scale Interop Lab to enhance the deployment process of next-generation PCIe 6.x AI platforms through comprehensive interoperability testing. The Scorpio Smart Fabric Switches are crucial in enabling robust connectivity essential for maximizing AI workload performance in hyperscale systems. The lab's rigorous testing of diverse PCIe 6.x components, including GPUs, CPUs, and SSDs, assists customers in minimizing interoperability risks,..."
2025-03-14,AMD,Artificial intelligence (AI) stocks scored massive wins for investors last year and led the Nasdaq to a double-digit gain.  All of this has driven the Nasdaq Composite (NASDAQINDEX: ^IXIC) into correction territory.  Two winning companies that likely have more to gain down the road are Nvidia (NASDAQ: NVDA) and Advanced Micro Devices (NASDAQ: AMD).
2025-03-14,AMD,"The Nasdaq Composite (NASDAQINDEX: ^IXIC) is in correction territory as investors have been dumping growth stocks amid concerns related to tariffs, trade wars, and a potential slowdown in the economy in the months ahead.  Buying shares of companies at a time like this can be unnerving, but if you're committed to holding on for the long term, the moves you make today could pay significantly in the future.  There's still lots of potential for companies involved in artificial intelligence (AI) to revolutionize many industries."
2025-03-15,GS,"Hedge funds usually like to take advantage of stock-market unrest. Lately, they have helped spread it instead."
2025-03-17,GS,"(Bloomberg) -- Oil rose for a second day after China, the world’s biggest importer, said it would take steps to revive consumption by boosting incomes.Most Read from BloombergHow Britain’s Most Bike-Friendly New Town Got BuiltICE Eyes Massive California Tent Facility Amid Space ConstraintsThe Dark Prophet of Car-Clogged CitiesWashington, DC, Region Braces for ‘Devastating’ Cuts from CongressSaving the Signature Sound of Washington, DCBrent crude climbed above $71 a barrel after advancing 1% on F"
2025-03-18,MCD,The fast food giant is bringing a popular menu item into the U.S. due to popular demand.
2025-03-18,MSFT,"(Bloomberg) -- A venture started by Al Gore’s Generation Investment Management has raised $175 million to invest in businesses that enable the restoration of land degraded by agriculture and deforestation.Most Read from BloombergICE Eyes Massive California Tent Facility Amid Space ConstraintsHow Britain’s Most Bike-Friendly New Town Got BuiltThe Dark Prophet of Car-Clogged CitiesWashington, DC, Region Braces for ‘Devastating’ Cuts from CongressNYC Plans for Flood Protection Without Federal Funds"
2025-03-18,NVDA,"The stock market gave back some gains over the last month, as Wall Street weighs the effect of President Donald Trump's tariff policies on the economy.  AI is anticipated to add trillions to the global economy through labor productivity increases alone.  Nvidia's (NASDAQ: NVDA) chips have almost become the backbone of the economy."
2025-03-18,NVDA,The AI leader is likely gearing up to show the world some key updates.
2025-03-18,BRK-B,"(Bloomberg) -- Shares of Japan’s biggest trading houses advanced after Berkshire Hathaway Inc. increased its stake.Most Read from BloombergICE Eyes Massive California Tent Facility Amid Space ConstraintsHow Britain’s Most Bike-Friendly New Town Got BuiltThe Dark Prophet of Car-Clogged CitiesWashington, DC, Region Braces for ‘Devastating’ Cuts from CongressNYC Plans for Flood Protection Without Federal FundsShares of Mitsubishi Corp., Marubeni Corp., Mitsui & Co., Itochu Corp. and Sumitomo Corp."
2025-03-18,TSLA,"TSLA stock has fallen for eight weeks as Elon Musk spurs Tesla brand ""destruction."" BYD stock is near highs as it makes a big fast-charging push."
2025-03-18,TSLA,"(Bloomberg) -- BYD Co. unveiled a new system for electric cars that the Chinese automaker says will allow them to charge almost as fast as it takes a regular car to refuel.Most Read from BloombergICE Eyes Massive California Tent Facility Amid Space ConstraintsHow Britain’s Most Bike-Friendly New Town Got BuiltThe Dark Prophet of Car-Clogged CitiesWashington, DC, Region Braces for ‘Devastating’ Cuts from CongressNYC Plans for Flood Protection Without Federal FundsBYD’s new battery and charging sy"
2025-03-19,WMT,"The stock market has been selling off, and there is an increasing chance that the U.S. economy could be headed toward a recession.  In fact, the Atlanta Federal Reserve is now predicting that Q1 gross domestic product (GDP) will decline by 2.1% after predicting a more than 2% gain in late February.  Against that backdrop, let's look at two defensive stocks that could outperform the market in a recession."
2025-03-19,WMT,"After a door-busting 2024 with Walmart (NYSE: WMT) shares soaring 74% on robust growth and earnings, the start of 2025 has proven to be a tougher aisle to navigate.  The stock price has rolled back by about 19% from its recent all-time high, pressured by muted company guidance.  Let's discuss where Walmart shares might be in one year."
2025-03-19,NVDA,"The tech giant touts new products at flashy ""Woodstock of AI"" conference."
2025-03-19,NVDA,"Nvidia has unveiled the next generation of its artificial intelligence chips, marking a bet that the arrival of “reasoning” AI systems such as..."
2025-03-19,GOOGL,"Less than a year after Google's plans to acquire Israeli cybersecurity firm Wiz fell apart, executives were able to ink a deal in a flurry of negotiations after U.S. President Donald Trump was sworn into office just eight weeks ago.  Google sweetened its original offer for $23 billion in July to $32 billion, making it one of the largest tech deals ever, and dramatically upped the breakup fee to more than $3.2 billion, people familiar with the agreement said.  Google made another pass last fall while Wiz considered a potential IPO, these people said."
2025-03-19,GOOGL,"(Bloomberg) -- Wiz backer Sequoia Capital is poised to deliver a return of about 25 times its invested capital from the cybersecurity startup’s pending sale to Google parent Alphabet Inc., according to a person with knowledge of the matter.Most Read from BloombergHow Britain’s Most Bike-Friendly New Town Got BuiltThe Dark Prophet of Car-Clogged CitiesWashington, DC, Region Braces for ‘Devastating’ Cuts from CongressNYC Plans for Flood Protection Without Federal FundsA Malibu Model for Residents"
2025-03-19,TSLA,"The Department of Government Efficiency lost a key legal challenge on Tuesday, dealing a blow to how it will operate."
2025-03-19,BABA,"(Bloomberg) -- With Alibaba Group Holding Ltd. grabbing the spotlight of investor attention over China’s success in artificial intelligence, Tencent Holdings Ltd. is still waiting for its turn to shine.Most Read from BloombergHow Britain’s Most Bike-Friendly New Town Got BuiltThe Dark Prophet of Car-Clogged CitiesWashington, DC, Region Braces for ‘Devastating’ Cuts from CongressNYC Plans for Flood Protection Without Federal FundsA Malibu Model for Residents on the Fire FrontlinesAlibaba’s Hong K"
2025-03-20,MSFT,"Nvidia has gone from a gaming giant to an AI powerhouse, and it's largely thanks to its research capabilities."
2025-03-20,DIS,"As Disney's annual shareholders meeting approaches, investors and analysts explain what they want to see from the company."
2025-03-20,DIS,The children's entertainment leader has a plan usher in the next phase of entertainment.
2025-03-20,NVDA,The children's entertainment leader has a plan usher in the next phase of entertainment.
2025-03-20,NVDA,"Nvidia has gone from a gaming giant to an AI powerhouse, and it's largely thanks to its research capabilities."
2025-03-20,GOOGL,"Nvidia has gone from a gaming giant to an AI powerhouse, and it's largely thanks to its research capabilities."
2025-03-20,META,"Wolfe Research suggested that Meta Platforms Inc. (NASDAQ:META) has the potential to generate a staggering $30-40 billion in revenue from its business messaging services, a prospect currently undervalued by the market. What Happened: Analysts at Wolfe Research anticipate a “modest near-term upside” that could positively influence Meta’s FY25/26 Other-FOA revenue predictions, according to a report by Investing.com. At present, WhatsApp's business messaging contributes a mere $1.5 to $2 billion an"
2025-03-20,META,"Nvidia has gone from a gaming giant to an AI powerhouse, and it's largely thanks to its research capabilities."
2025-03-20,TSLA,"TSLA stock has fallen for eight weeks as Elon Musk spurs Tesla brand ""destruction."" BYD stock is at highs as it makes a big fast-charging push."
2025-03-21,CVX,"(Bloomberg) -- Oil climbed a third day after the US sanctioned a Chinese refinery for the first time, in a marked step-up of measures to curb supply from Iran.Most Read from BloombergNew York Subway Ditches MetroCard After 32 Years for Tap-And-GoAmtrak CEO Departs Amid Threats of a Transit Funding PullbackDespite Cost-Cutting Moves, Trump Plans to Remake DC in His StyleLA Faces $1 Billion Budget Hole, Warns of Thousands of LayoffsNYC Plans for Flood Protection Without Federal FundsBrent rose abo"
2025-03-21,INTC,"Intel shares fell slightly Thursday after a steep downturn the previous session that snapped a five-day winning streak, during which the stock gained about 30%. Monitor these key chart levels."
2025-03-21,DIS,The live-action remake of the studio’s beloved classic managed to hit every possible cultural land mine on its journey to theaters
2025-03-21,GOOGL,Even potential threats from President Trump aren't staying European policymakers.
2025-03-21,TSLA,"For many, the dream of retiring comfortably is built on decades of disciplined investing in the right assets. Countless people have grown their wealth in time so they can live comfortably from the returns of their investments, and Vanguard is a cornerstone for many of these success stories. Still, even the most seasoned investors can face moments of doubt, particularly during market downturns or political uncertainty. This is the case of a 73-year-old retiree who has relied on Vanguard for more"
2025-03-21,AAPL,Even potential threats from President Trump aren't staying European policymakers.
2025-03-22,CVX,"(Bloomberg) -- The Biden administration secretly permitted Chevron Corp. to pay hundreds of millions of dollars to the Venezuelan government despite a license that explicitly prohibited such disbursements, according to people familiar with the matter.Most Read from BloombergChicago Transit Faces ‘Doomsday Scenario,’ Regional Agency SaysNew York Subway Ditches MetroCard After 32 Years for Tap-And-GoLA Faces $1 Billion Budget Hole, Warns of Thousands of LayoffsDespite Cost-Cutting Moves, Trump Pla"
2025-03-22,TSLA,"A Tesla Cybertruck owner returned from a trip to find his vehicle had been keyed. Instead of getting angry, he used the incident to promote Tesla (NASDAQ:TSLA), saying the act of vandalism did nothing to hurt the company or its CEO, Elon Musk. ‘This Craziness Has To Stop’ Chris, who goes by “Common Sense American” on social media, posted about the incident, questioning the logic behind keying his truck. “Does this hurt Elon Musk? Keying my car? No,” he said, adding that if he didn’t have a wrap"
2025-03-22,TSLA,"On Thursday night, Tesla Inc. (NASDAQ:TSLA) abruptly scheduled an all-hands meeting. The event was set to begin at 9:30 p.m. ET, but it didn't start until 9:58 p.m. ET. What Happened: The presentation started with Tesla CEO Elon Musk praising the ..."
2025-03-22,TSLA,"From a certain perspective, this might have seemed like a rocky week for electric car maker BYD and its metallurgist-turned-billionaire founder..."
2025-03-22,TSLA,"When it came time for our car critic to purchase a vehicle for himself, the choice seemed clear. Now, as an Elon backlash rages, Dan Neil wants to explain."
2025-03-22,NFLX,"The stock market was mixed last week as President Trump sees tariff ""flexibility."" Spotify, Netflix are near buy points."
2025-03-23,MSFT,"We recently published a list of 10 Best Stocks to Buy According to Billionaire Ray Dalio. In this article, we are going to take a look at where Microsoft Corporation (NASDAQ:MSFT) stands against other best stocks to buy according to billionaire Ray Dalio. Ray Dalio, with over 50 years of experience, is arguably one of […]"
2025-03-23,NVDA,"We recently published a list of 10 Best Stocks to Buy According to Billionaire Ray Dalio. In this article, we are going to take a look at where NVIDIA Corporation (NASDAQ:NVDA) stands against other best stocks to buy according to billionaire Ray Dalio. Ray Dalio, with over 50 years of experience, is arguably one of […]"
2025-03-23,GOOGL,"We recently published a list of 10 Best Stocks to Buy According to Billionaire Ray Dalio. In this article, we are going to take a look at where Alphabet Inc. (NASDAQ:GOOG) stands against other best stocks to buy according to billionaire Ray Dalio. Ray Dalio, with over 50 years of experience, is arguably one of […]"
2025-03-23,META,"We recently published a list of 10 Best Stocks to Buy According to Billionaire Ray Dalio. In this article, we are going to take a look at where Meta Platforms, Inc. (NASDAQ:META) stands against other best stocks to buy according to billionaire Ray Dalio. Ray Dalio, with over 50 years of experience, is arguably one […]"
2025-03-24,CVX,"(Bloomberg) -- Oil was steady at the start of the week as traders weighed the fallout from more US tariffs and an upcoming boost in OPEC+ supply.Most Read from BloombergThey Built a Secret Apartment in a Mall. Now the Mall Is Dying.Chicago Transit Faces ‘Doomsday Scenario,’ Regional Agency SaysLA Faces $1 Billion Budget Hole, Warns of Thousands of LayoffsNew York Subway Ditches MetroCard After 32 Years for Tap-And-GoDespite Cost-Cutting Moves, Trump Plans to Remake DC in His StyleBrent traded ab"
2025-03-24,TSLA,"(Bloomberg) -- The sense of gloom on Wall Street is putting pressure on some of the most committed backers of American exceptionalism: South Korea’s risk-seeking retail investors.Most Read from BloombergThey Built a Secret Apartment in a Mall. Now the Mall Is Dying.Chicago Transit Faces ‘Doomsday Scenario,’ Regional Agency SaysLA Faces $1 Billion Budget Hole, Warns of Thousands of LayoffsNew York Subway Ditches MetroCard After 32 Years for Tap-And-GoDespite Cost-Cutting Moves, Trump Plans to Rem"
2025-03-24,NFLX,"The stock market edged up last week as President Trump said Friday that he sees tariff ""flexibility."" Spotify, Netflix are near buy points."
2025-03-25,MSFT,Two major chipmakers recently lost their places in the trillion-dollar club.
2025-03-25,MSFT,"Is Microsoft a buy or perhaps even a sell in March?  This story on the legendary growth company examines key measures such as profits and sales, relative strength in the market, and the quantity and quality of fund ownership in Microsoft stock.  Last week, Microsoft stock halted a seven-week losing streak with a pleasant reversal."
2025-03-25,NVDA,Two major chipmakers recently lost their places in the trillion-dollar club.
2025-03-25,NVDA,"With the S&amp;P 500 and Nasdaq Composite in a downward spiral, big tech stocks have been particularly susceptible to ongoing selling activity."
2025-03-25,GOOGL,Two major chipmakers recently lost their places in the trillion-dollar club.
2025-03-25,GOOGL,"With the S&amp;P 500 and Nasdaq Composite in a downward spiral, big tech stocks have been particularly susceptible to ongoing selling activity."
2025-03-25,META,Two major chipmakers recently lost their places in the trillion-dollar club.
2025-03-25,AVGO,Two major chipmakers recently lost their places in the trillion-dollar club.
2025-03-25,AAPL,Two major chipmakers recently lost their places in the trillion-dollar club.
2025-03-25,AMD,Two major chipmakers recently lost their places in the trillion-dollar club.
2025-03-25,AMD,"With the S&amp;P 500 and Nasdaq Composite in a downward spiral, big tech stocks have been particularly susceptible to ongoing selling activity."
2025-03-26,DIS,"Shares of FuboTV (NYSE: FUBO) got a shot of adrenaline on Jan. 6, 2025.  The big news was, to use the company's own bullet point: ""Disney to combine its Hulu + Live TV business with Fubo.""  To be fair, that is very big news and will instantly launch FuboTV into the big leagues in the streaming industry."
2025-03-26,NVDA,Amazon is looking to disrupt Nvidia's momentum in the chip market.
2025-03-26,NVDA,A rival tech leader has issued some surprising advice for investors.
2025-03-26,GOOGL,"(Bloomberg) -- Australia’s center-left government unveiled tax cuts and other sweeteners in a pre-election budget that aims to soothe voters’ cost-of-living concerns and help win Prime Minister Anthony Albanese a second term in office.As a result, the government’s books are expected to record a deficit of A$42.1 billion ($26.5 billion), or 1.5% of GDP, in the year through June 2026 versus a forecast A$40 billion, the budget papers released Tuesday showed. The shortfall in fiscal 2025 is predicte"
2025-03-26,AAPL,"(Bloomberg) -- Australia’s center-left government unveiled tax cuts and other sweeteners in a pre-election budget that aims to soothe voters’ cost-of-living concerns and help win Prime Minister Anthony Albanese a second term in office.As a result, the government’s books are expected to record a deficit of A$42.1 billion ($26.5 billion), or 1.5% of GDP, in the year through June 2026 versus a forecast A$40 billion, the budget papers released Tuesday showed. The shortfall in fiscal 2025 is predicte"
2025-03-26,AMD,Amazon is looking to disrupt Nvidia's momentum in the chip market.
2025-03-27,NVDA,"We recently published a list of the Top 10 AI Stocks on Investors’ Radar. In this article, we are going to take a look at where NVIDIA Corporation (NASDAQ:NVDA) stands against other AI stocks that are on investors’ radar. China’s artificial intelligence sector is evolving into a fiercely contested arena. It hasn’t been long since […]"
2025-03-27,GOOGL,"In the opening 90 minutes of the evening session, U.S. stock futures are up marginally – S&amp;P500 is up 0.1% while Nasdaq 100 is up 0.2%. Earlier on Tuesday, Consumer Discretionary and Communications Services were the best performing sectors in the S&amp;P500 – Google (GOOGL), Meta (META), and Netflix (NFLX) had over 1% gains among the mega-caps – while defensively-oriented Healthcare and Utilities underperformed. Investors have also shrugged the disappointing Consumer Confidence data with sentiment t"
2025-03-27,META,"In the opening 90 minutes of the evening session, U.S. stock futures are up marginally – S&amp;P500 is up 0.1% while Nasdaq 100 is up 0.2%. Earlier on Tuesday, Consumer Discretionary and Communications Services were the best performing sectors in the S&amp;P500 – Google (GOOGL), Meta (META), and Netflix (NFLX) had over 1% gains among the mega-caps – while defensively-oriented Healthcare and Utilities underperformed. Investors have also shrugged the disappointing Consumer Confidence data with sentiment t"
2025-03-27,TSLA,President Trump made good on his promise to impose tariffs on foreign automakers.
2025-03-27,NFLX,"In the opening 90 minutes of the evening session, U.S. stock futures are up marginally – S&amp;P500 is up 0.1% while Nasdaq 100 is up 0.2%. Earlier on Tuesday, Consumer Discretionary and Communications Services were the best performing sectors in the S&amp;P500 – Google (GOOGL), Meta (META), and Netflix (NFLX) had over 1% gains among the mega-caps – while defensively-oriented Healthcare and Utilities underperformed. Investors have also shrugged the disappointing Consumer Confidence data with sentiment t"
2025-03-28,UNH,"We recently published a list of 10 Low Volatility Stocks to Buy According to Billionaire Ken Fisher In this article, we are going to take a look at where UnitedHealth Group Incorporated (NYSE:UNH) stands against other low volatility stocks to buy according to billionaire Ken Fisher. Billionaire Ken Fisher, a prominent money manager, renowned author, […]"
2025-03-28,NVDA,"We recently published a list of the Top 10 Blue Chip AI Stocks to Buy According to Billionaire Cliff Asness. In this article, we are going to take a look at where NVIDIA Corporation (NASDAQ:NVDA) stands against other top blue chip AI stocks to buy according to billionaire Cliff Asness. Cliff Asness is one of […]"
2025-03-29,MSFT,"Bill Gates once expressed a deep concern about Microsoft’s future (NASDAQ:MSFT) when he stepped down as CEO in 2000. He worried the company might lose its famed standard of excellence and that the chance to guide it back might one day be missed. Even as he moved toward focusing on his philanthropic work, those early misgivings lingered in his mind. Despite the anxiety, Microsoft has charted an impressive course over the years. Don't Miss: Are you rich? Here’s what Americans think you need to be"
2025-03-31,BA,"Boeing [NYSE: BA] and BOC Aviation have announced a new, firm order for 50 737-8 jets, expanding the lessor's 737 MAX portfolio to 215 737-8s and 737-9s."
2025-03-31,BA,"Singapore-based BOC Aviation said on Monday it has entered into an agreement with Boeing to purchase 50 Boeing 737-8 aircraft for an undisclosed sum. The aircraft-operating leasing company also said it has entered into an agreement with Airbus to purchase 70 Airbus A320NEO family aircraft, also for an undisclosed sum."
2025-03-31,MSFT,Apple's recent moves in AI infrastructure could bode well for Nvidia.
2025-03-31,NVDA,Apple's recent moves in AI infrastructure could bode well for Nvidia.
2025-03-31,GOOGL,Apple's recent moves in AI infrastructure could bode well for Nvidia.
2025-03-31,AAPL,Apple's recent moves in AI infrastructure could bode well for Nvidia.
2025-04-02,MSFT,"Artificial intelligence (AI) stocks have been some of the top performers on Wall Street over the last few years.  So, let's review two of the largest and best-known AI stocks -- Oracle (NYSE: ORCL) and Amazon (NASDAQ: AMZN) -- and see which is the best choice for investors right now.  As the AI revolution has gained steam, so has Oracle's stock."
2025-04-02,TSLA,"Heading into trading on Monday, the S&amp;P 500 was down around 5% to start 2025.  The three worst-performing stocks on the broad index as of Monday were Deckers Outdoor (NYSE: DECK), Tesla (NASDAQ: TSLA), and On Semiconductor (NASDAQ: ON).  The S&amp;P 500 stock down the most after the first quarter of 2025 is Deckers Outdoor, a footwear company that is struggling mightily despite posting what seemed to be decent results in its most recent quarter."
2025-04-02,TSLA,Rivian (NASDAQ: RIVN) stock posted big gains in Tuesday's trading thanks to a pair of bullish catalysts.  The electric vehicle (EV) company's shares ended the day up 6.4% amid the backdrop of a 0.3% gain for the S&amp;P 500 and a 0.8% gain for the Nasdaq Composite.  The stock also got a boost from recent analysis that Rivian could benefit from recent controversies surrounding Tesla and its CEO Elon Musk.
2025-04-03,NVDA,Here are Buffett's words on investing through a crisis.
2025-04-03,TSLA,Here are Buffett's words on investing through a crisis.
2025-04-04,TSLA,A Tesla Inc (NASDAQ:TSLA) analyst sees the electric vehicle company at a pivotal moment in the company's history after reporting weaker-than-expected first-quarter deliveries Wednesday. The Tesla Analyst: Wedbush analyst Daniel Ives maintained an ...
2025-04-04,TSLA,"CEO Elon Musk pledged Tesla would return to growth this year after the company posted its first-ever sales decline in 2024.  Relentless protests in many countries against the billionaire's involvement in U.S. President Donald Trump's administration and far-right politics in Europe have tarnished the image of the once-leading electric vehicle brand.  Now, investors and analysts are bracing for a fall in Tesla sales again this year."
